{"400": {"train_acc_history": [0.47111344537815125, 0.5485819327731093, 0.5795693277310925, 0.5890231092436975, 0.6144957983193278, 0.6204044117647058, 0.6284138655462185, 0.6374737394957983, 0.6301207983193278, 0.6446953781512605, 0.6545430672268907, 0.6582195378151261, 0.6618960084033614, 0.6727941176470589, 0.6747636554621849, 0.6827731092436975, 0.6881565126050421, 0.6885504201680672, 0.6944590336134454, 0.7011554621848739, 0.7065388655462185, 0.7086397058823529, 0.7115283613445378, 0.7015493697478992, 0.7016806722689075, 0.7191439075630253, 0.7104779411764706, 0.7233455882352942, 0.7192752100840336, 0.7274159663865546], "val_acc_history": [0.4490521327014218, 0.5071090047393365, 0.5533175355450237, 0.5829383886255924, 0.5639810426540285, 0.5758293838862559, 0.5699052132701422, 0.5924170616113744, 0.5699052132701422, 0.5864928909952607, 0.6090047393364929, 0.5983412322274881, 0.6066350710900474, 0.6030805687203792, 0.6018957345971564, 0.6196682464454977, 0.5936018957345972, 0.6327014218009479, 0.6338862559241706, 0.6409952606635071, 0.6327014218009479, 0.6054502369668247, 0.6267772511848341, 0.6386255924170616, 0.6457345971563981, 0.6469194312796208, 0.6623222748815166, 0.6777251184834123, 0.6587677725118484, 0.6658767772511849]}}